{
  "exp": "fresh_baseline",
  "args": {
    "exp": "fresh_baseline",
    "n_per_pair": 12,
    "n_per_depth": 30,
    "out_dir": null
  },
  "colours": [
    "blue",
    "green",
    "yellow",
    "magenta"
  ],
  "pair_success_matrix": [
    [
      NaN,
      1.0,
      1.0,
      1.0
    ],
    [
      0.9166666666666666,
      NaN,
      1.0,
      0.9166666666666666
    ],
    [
      0.9166666666666666,
      1.0,
      NaN,
      1.0
    ],
    [
      1.0,
      1.0,
      1.0,
      NaN
    ]
  ],
  "pair_counts": [
    [
      [
        0,
        0
      ],
      [
        12,
        12
      ],
      [
        12,
        12
      ],
      [
        12,
        12
      ]
    ],
    [
      [
        11,
        12
      ],
      [
        0,
        0
      ],
      [
        12,
        12
      ],
      [
        11,
        12
      ]
    ],
    [
      [
        11,
        12
      ],
      [
        12,
        12
      ],
      [
        0,
        0
      ],
      [
        12,
        12
      ]
    ],
    [
      [
        12,
        12
      ],
      [
        12,
        12
      ],
      [
        12,
        12
      ],
      [
        0,
        0
      ]
    ]
  ],
  "depth_rows": [
    {
      "depth": 1,
      "predicted": 0.9791666666666666,
      "empirical": 1.0,
      "n_episodes": 30
    },
    {
      "depth": 2,
      "predicted": 0.9791666666666666,
      "empirical": 1.0,
      "n_episodes": 30
    },
    {
      "depth": 3,
      "predicted": 0.9583333333333334,
      "empirical": 0.9333333333333333,
      "n_episodes": 30
    }
  ]
}